{
  "categorical": {
    "shape": 0.037979376665508054,
    "trend": 0.08311854643840712,
    "columns": 7
  },
  "numeric": {
    "shape": 0.02219148599736547,
    "trend": 0.3680163132915329,
    "columns": 10
  },
  "overall": {
    "shape": 0.028692382154835945,
    "trend": 0.2507054681167164,
    "columns": 17
  },
  "target": {
    "shape": 0.0008110300081102528,
    "trend": 0.0009595087315293681,
    "columns": 1
  }
}